Name,LastVisitDate
Princeton Review,2015-01-06
Кнорус,2017-08-18
Яуза,2015-10-22
Аванта+,2017-02-22
Dorling Kindersley,2015-01-02
Delta Publishing,2017-05-17
Проспект,2017-11-16
Express Publishing,2016-09-15
Эксмо-Пресс,2018-02-26
Розовый жираф,2017-09-20
Стандарт-Коллекция,2015-11-07
Медиарама,2016-10-17
Вагриус,2018-06-07
Академкнига,2015-05-13
Прогресс,2018-06-16
Возвращение,2017-01-16
АСТ,2017-10-31
Ladybird,2017-02-15
ЛитРес,2017-06-21
Матезис,2017-10-12
Gallimard,2016-08-23
Современник,2016-03-16
Алгоритм,2015-07-21
Антология,2017-06-04
Росмэн,2017-04-14
Просвещение,2018-03-24
Мир хобби,2016-09-27
Попурри,2015-05-24
Феникс,2016-09-07
Абрис,2017-10-24
Де Агостини,2015-08-08
Виват,2018-04-11
Весь мир,2017-10-31
Велес-ВА,2017-09-09
Дрофа,2015-08-16
Эксмо,2015-03-16
Аврора,2016-09-24
Cambridge,2015-08-18
Планета,2017-11-04
Вита Нова,2017-03-28
РОССПЭН,2017-09-04
Мир,2017-11-18
Росток,2017-10-20
Питер,2018-05-06
Вита-Пресс,2016-10-25
Литературная Россия,2015-02-03
Флинта,2017-04-10
Академический проект,2016-12-02
ИНФРА-М,2015-11-21
Прометей,2017-02-11
